{"FREQ_A": {"Best Fit Distribution": "johnsonsu", "P Value": 0.22890870680122777, "Parameters": [-0.9728882516595139, 1.478707338821596, 0.05631248172362961, 0.03466003477418973]}, "FREQ_R": {"Best Fit Distribution": "johnsonsu", "P Value": 0.10870350646090732, "Parameters": [-0.8537661821991016, 1.564748637424847, 0.03292526599464897, 0.030320079239483967]}, "FREQ_N": {"Best Fit Distribution": "johnsonsu", "P Value": 0.8607688566162041, "Parameters": [-1.6771418217406697, 2.0281069267703042, 0.01033299175652154, 0.024681328661858397]}, "FREQ_D": {"Best Fit Distribution": "gennorm", "P Value": 0.08390081761079304, "Parameters": [1.4917100662056035, 0.044472131522384564, 0.022404240482940607]}, "FREQ_C": {"Best Fit Distribution": "alpha", "P Value": 0.005561420468392373, "Parameters": [2.7988703172198326, -0.01617157080298562, 0.07869864188006812]}, "FREQ_Q": {"Best Fit Distribution": "johnsonsu", "P Value": 0.2256693311215039, "Parameters": [-1.0298296924839265, 1.4192881512775353, 0.02410349551487837, 0.021881018416328925]}, "FREQ_E": {"Best Fit Distribution": "johnsonsu", "P Value": 0.009638040407282162, "Parameters": [-1.249703384163565, 1.7348343267813662, 0.025996967462478447, 0.03863256836793874]}, "FREQ_G": {"Best Fit Distribution": "johnsonsu", "P Value": 0.09070169213250345, "Parameters": [-0.8314880181284356, 1.2589894737958254, 0.05020149628439434, 0.02691438418616554]}, "FREQ_H": {"Best Fit Distribution": "johnsonsu", "P Value": 0.061670104705221496, "Parameters": [-0.9241591897783382, 1.5318962348767635, 0.012346027801615634, 0.013465358094147235]}, "FREQ_I": {"Best Fit Distribution": "powerlognorm", "P Value": 0.18697402858405787, "Parameters": [0.9346036436516003, 0.3691638167775422, -0.02461489308174297, 0.06264112342668193]}, "FREQ_L": {"Best Fit Distribution": "johnsonsu", "P Value": 0.00964842218312672, "Parameters": [-0.3208791340065098, 1.9075435883504128, 0.08307292499133107, 0.058545129755525255]}, "FREQ_K": {"Best Fit Distribution": "johnsonsu", "P Value": 0.38142281019166746, "Parameters": [-1.4702362588958828, 1.6964404335347905, 0.015965260722610227, 0.030790312041289063]}, "FREQ_M": {"Best Fit Distribution": "johnsonsu", "P Value": 0.3029528359438832, "Parameters": [-0.8687549494209286, 1.6643498816216586, 0.012338084231634251, 0.012680702676172939]}, "FREQ_F": {"Best Fit Distribution": "exponnorm", "P Value": 0.41411164263015365, "Parameters": [1.685962753302082, 0.01820901232763962, 0.010466650486790137]}, "FREQ_P": {"Best Fit Distribution": "gengamma", "P Value": 0.0005528458352266041, "Parameters": [8.020486018800987, 0.7096635468471914, -0.0175988155500356, 0.0043652645864296746]}, "FREQ_S": {"Best Fit Distribution": "johnsonsu", "P Value": 0.019191197212793287, "Parameters": [-0.6829425150067001, 1.5527220302731268, 0.060842571230437445, 0.03757888440622612]}, "FREQ_T": {"Best Fit Distribution": "johnsonsu", "P Value": 0.049212573600799, "Parameters": [-0.44528185021903055, 0.9700193185096972, 0.04572182385052974, 0.011304230454890832]}, "FREQ_W": {"Best Fit Distribution": "alpha", "P Value": 0.001741253639880914, "Parameters": [4.097456843707256, -0.020218716599401568, 0.12026709584753936]}, "FREQ_Y": {"Best Fit Distribution": "alpha", "P Value": 0.45697830792329774, "Parameters": [6.521951554672883, -0.07150091821619173, 0.631696745368397]}, "FREQ_V": {"Best Fit Distribution": "johnsonsu", "P Value": 0.34744580084948873, "Parameters": [-0.2467727758144554, 2.2892719392693324, 0.05299152619182481, 0.044237639801344666]}}